month,ticker,boom_probability,mom_1m,mom_2m,mom_3m,mom_4m,mom_5m,mom_6m,mom_7m,mom_9m,mom_12m,core_mom_456_avg,core_mom_456_min,core_mom_456_max,core_mom_456_std,core_mom_456_positive_count,core_mom_456_all_positive,mom_4m_vs_6m,mom_5m_vs_6m,mom_6m_first3m,mom_6m_last3m,mom_6m_acceleration,mom_3m_vs_6m,price_ma5_ratio,price_ma10_ratio,price_ma20_ratio,price_ma30_ratio,ma5_above_ma10,ma10_above_ma20,ma20_above_ma30,ma_trend_score,ma5_slope_1m,ma10_slope_1m,ma20_slope_1m,ma30_slope_1m,ma_slope_score,drawdown_3m,drawdown_6m,drawdown_12m,drawdown_3m_abs,drawdown_6m_abs,drawdown_12m_abs,near_3m_high,near_6m_high,deep_3m_drawdown,deep_6m_drawdown,volatility_3m,volatility_6m,return_vol_ratio_3m,return_vol_ratio_6m,volume_change_1m,volume_change_3m,volume_ratio_3m,qqq_mom_1m,qqq_mom_3m,qqq_mom_6m,qqq_mom_12m,qqq_trend_score
2026-09-30,MRVL,0.8930235,0.2375507791238778,0.3965664632703796,-0.1204651940617606,0.2780713730625304,0.5864645595933164,1.646499425806827,2.2089090148631567,2.0868953904532006,2.1223751331872656,0.8370117861542247,0.2780713730625304,1.646499425806827,0.7177947258356036,3.0,1.0,-1.368428052744297,-1.0600348662135106,2.008976345152921,-0.1204651940617606,-2.1294415392146813,-1.7669646198685878,0.0062772378934001,0.0661966809505076,0.1247418368920176,0.1207299911504342,1.0,1.0,0.0,2.0,0.0820564945244666,0.0523166476877594,0.0595279064089466,0.1098732928877219,4.0,-0.1204651940617606,-0.1719981659661703,-0.1719981659661703,0.1204651940617606,0.1719981659661703,0.1719981659661703,0.0,0.0,0.0,0.0,0.8483502734070297,0.9726268010934934,-0.1419993578571791,1.6928378119497838,-0.4757471206047998,-0.6695371280993387,-0.4084945130260967,0.0397842602597591,0.0120528990421087,0.292655396928225,0.2458950353926097,3.0
2026-09-30,ARM,0.86844075,0.2827911315220428,0.2946723024047633,-0.1247990497953703,-0.1216281247173718,0.4754659400797996,1.051295675755168,1.434837306824264,1.8388986758313397,1.193229170092947,0.4683778303725319,-0.1216281247173718,1.051295675755168,0.5864940250361919,2.0,0.0,-1.1729238004725395,-0.5758297356753683,1.3437996442709037,-0.1247990497953703,-1.468598694066274,-1.1760947255505383,-0.0334637146849409,0.0810095610175547,0.1577592758441204,0.1791946443731602,1.0,1.0,1.0,3.0,0.3099947807530268,0.1223911230433452,0.0287375682902883,0.0041949180649374,4.0,-0.1247990497953703,-0.2938606167611964,-0.2938606167611964,0.1247990497953703,0.2938606167611964,0.2938606167611964,0.0,0.0,0.0,1.0,0.8548556774017223,0.9842374860807712,-0.1459884435401878,1.0681321232149183,2.254117428119476,0.1159080393752294,0.2815733219324496,0.0397842602597591,0.0120528990421087,0.292655396928225,0.2458950353926097,3.0
2026-09-30,MU,0.8296449,0.1288684523745862,0.3149945819370412,-0.0622404804489719,0.1147749292141073,1.0930592930985763,2.2040210183022504,1.6260426579045402,2.794195111774429,5.478706076555968,1.137285080204978,0.1147749292141073,2.2040210183022504,1.045324947265878,3.0,1.0,-2.0892460890881432,-1.110961725203674,2.4166766121833048,-0.0622404804489719,-2.478917092632277,-2.266261498751222,0.0068076987822334,0.0666756273772712,0.0886568347128151,0.1042761030157897,1.0,1.0,1.0,3.0,0.1380293123723011,0.0642195021907823,0.0896551338660514,0.0843315225674912,4.0,-0.0622404804489719,-0.1080404287544561,-0.1080404287544561,0.0622404804489719,0.1080404287544561,0.1080404287544561,0.0,0.0,0.0,0.0,0.7898916715457042,0.9298397243795647,-0.0787962231924489,2.370323573530785,-0.0752830146879638,-0.5048846334508429,-0.3609700087264043,0.0397842602597591,0.0120528990421087,0.292655396928225,0.2458950353926097,3.0
2026-09-30,CEVA,0.82742804,0.3382625428448336,0.1087289148898433,-0.2324003206092902,-0.0945472441865225,0.1853307032657754,0.9379015081123578,0.7353787010425867,0.6821561334995114,0.3706929561564029,0.3428949890638702,-0.0945472441865225,0.9379015081123578,0.5339545717101564,2.0,0.0,-1.0324487522988803,-0.7525708048465825,1.5246252182525502,-0.2324003206092902,-1.7570255388618403,-1.170301828721648,0.0653952820352163,0.154741803227197,0.2337264246993002,0.2364373614690953,1.0,1.0,1.0,3.0,0.235473794366593,0.0683274375542377,-0.0687444453873838,-0.118655808369404,2.0,-0.2324003206092902,-0.2768677632866869,-0.2768677632866869,0.2324003206092902,0.2768677632866869,0.2768677632866869,0.0,0.0,1.0,1.0,0.884448745244046,0.8847729236172207,-0.2627629038527993,1.0600477061141649,0.5539934800325998,-0.2400358708648864,0.0435555960959592,0.0397842602597591,0.0120528990421087,0.292655396928225,0.2458950353926097,3.0
2026-09-30,SMCI,0.8147594,0.1604077182952392,0.5232393979789758,0.4749402807385687,-0.0614016450788791,0.578832077511308,0.8998681357857967,0.3355973799542189,0.4779637049871921,-0.0976220366966883,0.4724328560727418,-0.0614016450788791,0.8998681357857967,0.4893878764772941,2.0,0.0,-0.9612697808646758,-0.3210360582744886,0.2880983458085824,0.4749402807385687,0.1868419349299863,-0.4249278550472279,0.0351758543516249,0.0879734131273632,0.1094867728885702,0.1234904218404651,1.0,1.0,1.0,3.0,0.1309266012473746,0.0574156221790229,0.1401043826306405,0.2057933114631056,4.0,0.0,-0.1377317141639706,-0.2627812185318356,-0.0,0.1377317141639706,0.2627812185318356,1.0,0.0,0.0,0.0,0.895014317767371,1.01903429228886,0.5306510424585337,0.8830597189860968,1.148640628409339,-0.1249093558936442,0.3790697544142691,0.0397842602597591,0.0120528990421087,0.292655396928225,0.2458950353926097,3.0
2026-09-30,INTC,0.80403113,0.3741481070774544,0.3636364097725948,-0.1191005106443245,0.0725497006686763,0.3018627818557693,1.7872195110566145,1.6967769864945836,2.333333195494233,2.6661699790481586,0.7205439978603533,0.0725497006686763,1.7872195110566145,0.9308563853464504,3.0,1.0,-1.714669810387938,-1.485356729200845,2.16406076372606,-0.1191005106443245,-2.283161274370384,-1.9063200217009388,-0.0058678002514174,0.0871390530566089,0.1765549818698022,0.2203995182035862,1.0,1.0,1.0,3.0,0.3896176756128764,0.1969805994381748,0.0906260098319227,0.0547466480030658,4.0,-0.1191005106443245,-0.127288222865361,-0.127288222865361,0.1191005106443245,0.127288222865361,0.127288222865361,0.0,0.0,0.0,0.0,0.7598948229937179,0.875995026705242,-0.1567328886057027,2.040216504171986,0.4953887359982327,-0.1667995763983086,0.076315725550901,0.0397842602597591,0.0120528990421087,0.292655396928225,0.2458950353926097,3.0
2026-09-30,AMAT,0.7916773,0.058050970791698,-0.0436334764389626,-0.3284666523958168,0.0787864331430219,0.2322802070310892,0.4222831895804526,0.3057271148903278,0.8939589040491862,1.3819603577149169,0.2444499432515212,0.0787864331430219,0.4222831895804526,0.172071445279323,3.0,1.0,-0.3434967564374307,-0.1900029825493634,1.1179636047185229,-0.3284666523958168,-1.4464302571143397,-0.7507498419762695,0.0230643048594227,0.0794425186032141,0.0734612668192906,0.0391471249421357,1.0,0.0,0.0,1.0,-0.0255660929651746,-0.1044840021830775,-0.121221074365608,-0.0990168240754059,0.0,-0.3284666523958168,-0.3284666523958168,-0.3284666523958168,0.3284666523958168,0.3284666523958168,0.3284666523958168,0.0,0.0,1.0,1.0,0.7145988224699095,0.6949330371486443,-0.4596518243068446,0.6076602593439911,-0.1574991901522513,-0.6840084562486332,-0.1693875052562663,0.0397842602597591,0.0120528990421087,0.292655396928225,0.2458950353926097,3.0
2026-09-30,FLNC,0.7879481,-0.2738205735508275,-0.4364680737504469,-0.6051307728360156,-0.5842160882641783,-0.3555008449961382,-0.429505830373778,-0.494851999748878,-0.60313449787024,-0.2731481698151311,-0.4564075878780314,-0.5842160882641783,-0.3555008449961382,0.1167066580937134,0.0,0.0,-0.1547102578904002,0.0740049853776397,0.444767356837616,-0.6051307728360156,-1.0498981296736316,-0.1756249424622376,0.0452729646396228,-0.0222941949978552,-0.1480818421363231,-0.2181794164245195,0.0,0.0,0.0,0.0,-0.3283849075947409,-0.3237028320311473,-0.2799624875060448,-0.2365189347831919,0.0,-0.6051307728360156,-0.7187388051755779,-0.7564381006476464,0.6051307728360156,0.7187388051755779,0.7564381006476464,0.0,0.0,1.0,1.0,0.8198284878722655,1.2940646171603207,-0.7381187428684459,-0.3319044695899963,1.1309873897223746,-0.062206624259706,0.2704805582657705,0.0397842602597591,0.0120528990421087,0.292655396928225,0.2458950353926097,3.0
2026-09-30,AMD,0.7844069,0.3397136370823841,0.3244356042560661,0.0855899089993947,0.2219144249461493,0.7789783132264594,2.099985388525702,2.1498425839627777,1.944667510735516,2.8978307129756486,1.0336260422327703,0.2219144249461493,2.099985388525702,0.964583710973916,3.0,1.0,-1.8780709635795527,-1.3210070752992429,1.8555768277019151,0.0855899089993947,-1.7699869187025203,-2.014395479526307,0.0126405392970596,0.1008045214859583,0.1941397945107719,0.2309362977706697,1.0,1.0,1.0,3.0,0.3196430153245948,0.1900855573469373,0.0933784958341088,0.0456992312244006,4.0,0.0,0.0,0.0,-0.0,-0.0,-0.0,1.0,1.0,0.0,0.0,0.7012314825550926,0.7504225015843472,0.1220565692337841,2.798404077825569,0.4117708416914065,-0.4898328428316685,-0.0686192512916066,0.0397842602597591,0.0120528990421087,0.292655396928225,0.2458950353926097,3.0
2026-09-30,DDOG,0.77696043,0.1311593506465835,0.0005970954262808,0.0298433705961314,0.0840105044129269,1.0283682572867958,1.2713256920904414,1.3948732321845698,0.9716890510478792,0.8829355082537838,0.7945681512633881,0.0840105044129269,1.2713256920904414,0.627236961526376,3.0,1.0,-1.1873151876775143,-0.2429574348036456,1.2055059603633418,0.0298433705961314,-1.1756625897672104,-1.24148232149431,0.0564076620156879,0.1051916820038953,0.1559059144601686,0.1476309298887215,1.0,1.0,0.0,2.0,0.1087410677894162,0.0197361236584656,-0.0669662648524223,-0.0673438289427396,2.0,-0.0694776659300013,-0.0694776659300013,-0.0694776659300013,0.0694776659300013,0.0694776659300013,0.0694776659300013,0.0,0.0,0.0,0.0,0.6678342483298064,0.7610691460733716,0.0446867926746299,1.6704470265936626,0.2654451990190529,-0.0278255828698755,0.0819047491045448,0.0397842602597591,0.0120528990421087,0.292655396928225,0.2458950353926097,3.0
2026-09-30,VECO,0.76480705,0.1212189396019747,-0.0066000366210937,-0.3447230056833954,-0.1382720559524235,-0.0036108387298992,0.4669225420439116,0.6253271936179214,0.7379285619852605,0.6322707088667705,0.1083465491205296,-0.1382720559524235,0.4669225420439116,0.3177514246729744,1.0,0.0,-0.6051945979963351,-0.4705333807738108,1.2386297012819454,-0.3447230056833954,-1.5833527069653408,-0.811645547727307,0.0815695148504809,0.1377066737052772,0.1332937412414028,0.092272466123513,1.0,0.0,0.0,1.0,-0.0252992577241588,-0.1167533208796087,-0.130008434284113,-0.1013280279848064,0.0,-0.3447230056833954,-0.4018545565832514,-0.4018545565832514,0.3447230056833954,0.4018545565832514,0.4018545565832514,0.0,0.0,1.0,1.0,0.7946433874489859,0.8284030422657674,-0.4338084367505364,0.5636417519264904,0.3660714285714286,-0.464223181977355,0.0660370054966323,0.0397842602597591,0.0120528990421087,0.292655396928225,0.2458950353926097,3.0
2026-09-30,PATH,0.7335137,-0.3326191758312878,-0.02351098631298,0.1462741646115584,0.0631399107728658,0.2097087191663442,0.122522487381858,0.1612302488085737,-0.239780323236837,-0.0687593474159239,0.131790372440356,0.0631399107728658,0.2097087191663442,0.0737226163979832,3.0,1.0,-0.0593825766089921,0.0871862317844862,-0.0207207646852524,0.1462741646115584,0.1669949292968108,0.0237516772297003,-0.0406529153312558,-0.0743629758821355,-0.1585913417847698,-0.1876738447660724,0.0,0.0,0.0,0.0,-0.2109355876541193,-0.1708143324220713,-0.0259488332558798,0.0941081318971082,1.0,-0.3326191758312878,-0.3326191758312878,-0.3540694947236945,0.3326191758312878,0.3326191758312878,0.3540694947236945,0.0,0.0,1.0,1.0,0.6939991841206768,0.6311526559057639,0.2107699374270782,0.1941249652289375,-0.2409141340128846,-0.2951686366816638,-0.059881366197744,0.0397842602597591,0.0120528990421087,0.292655396928225,0.2458950353926097,3.0
2026-09-30,HPE,0.7326187,0.2078711974426077,0.3173109212298135,0.3987850940542397,0.4703485720386309,1.1996456563034124,1.6578667369874922,1.9665516078271172,1.651618001378253,1.608913922810073,1.1092869884431786,0.4703485720386309,1.6578667369874922,0.598893450176227,3.0,1.0,-1.1875181649488613,-0.4582210806840798,0.9001251502358589,0.3987850940542397,-0.5013400561816193,-1.2590816429332523,0.0100458755393215,0.0474005653687106,0.0989386158099183,0.1165653024113544,1.0,1.0,1.0,3.0,0.1679556650432978,0.0905795283872596,0.0664717541539068,0.1003804257304898,4.0,-0.0091310111283824,-0.0091310111283824,-0.0091310111283824,0.0091310111283824,0.0091310111283824,0.0091310111283824,1.0,1.0,0.0,0.0,0.6618788125181676,0.6857127507592485,0.6025046980081321,2.417727736799171,-0.4888504040903842,-0.2226285794553809,-0.2627965726736856,0.0397842602597591,0.0120528990421087,0.292655396928225,0.2458950353926097,3.0
2026-09-30,NET,0.7154678,0.143915328144748,0.2510573348238063,0.4229451677701625,0.4433048484103525,0.702785709787169,0.6914800581954872,1.026946884633667,0.7703271611407116,0.6264504169342056,0.6125235387976696,0.4433048484103525,0.702785709787169,0.146656668180404,3.0,1.0,-0.2481752097851346,0.0113056515916818,0.188717665661098,0.4229451677701625,0.2342275021090645,-0.2685348904253246,-0.0111851790023416,0.0251364014610344,0.0997206410040019,0.1275003487571568,1.0,1.0,1.0,3.0,0.2473513215788956,0.1495375954215916,0.0731363818134935,0.0794271472711098,4.0,-0.0273117945223491,-0.0273117945223491,-0.0273117945223491,0.0273117945223491,0.0273117945223491,0.0273117945223491,1.0,1.0,0.0,0.0,0.5893364142059471,0.7277845367790585,0.7176633881346451,0.9501164469030308,-0.1398012921439817,0.2542748575047497,-0.0992780125447688,0.0397842602597591,0.0120528990421087,0.292655396928225,0.2458950353926097,3.0
2026-09-30,OKLO,0.71398556,-0.062361321132069,-0.0203451166179325,-0.2730747260751497,-0.4312200586464099,-0.4753103321996228,-0.2329098447574374,-0.3957108744322267,-0.4698996685742633,-0.6592313728256174,-0.3798134118678233,-0.4753103321996228,-0.2329098447574374,0.1291180915976379,0.0,0.0,-0.1983102138889724,-0.2424004874421853,0.0552531088936447,-0.2730747260751497,-0.3283278349687945,-0.0401648813177122,-0.0285013685893607,-0.0022033168594459,-0.0284641427470826,-0.0548989839423103,1.0,0.0,0.0,1.0,-0.0646409398615182,-0.1099178139005923,-0.0926166252340326,-0.0555047176252908,0.0,-0.2789992015598324,-0.5222306003102927,-0.7815550646097649,0.2789992015598324,0.5222306003102927,0.7815550646097649,0.0,0.0,1.0,1.0,0.835286446824806,0.9382953754108718,-0.3269234489715415,-0.2482265722086162,0.0851705657713166,-0.0691624802147133,-0.0697130595064513,0.0397842602597591,0.0120528990421087,0.292655396928225,0.2458950353926097,3.0
2026-09-30,DELL,0.7068423,0.2343808306702424,0.3885833224674482,0.3067727627191881,0.3395266755630599,1.698349722583811,2.44583381672728,2.819318507008621,3.512543742929953,3.021040462352137,1.494570071624717,0.3395266755630599,2.44583381672728,1.0678375592001832,3.0,1.0,-2.10630714116422,-0.7474840941434691,1.6369036109667934,0.3067727627191881,-1.3301308482476053,-2.139061054008092,0.0149587052976205,0.0104819980471195,0.0637093858931492,0.1140468821846851,0.0,1.0,1.0,2.0,0.2460714568016169,0.211849825524923,0.1706616063282224,0.1553558244936239,4.0,-0.0433548754370434,-0.0433548754370434,-0.0433548754370434,0.0433548754370434,0.0433548754370434,0.0433548754370434,1.0,1.0,0.0,0.0,0.8167208435948659,0.8911997009052333,0.3756151996426365,2.7444284532893493,0.1323619332596111,0.2607404617746749,0.2291155745305799,0.0397842602597591,0.0120528990421087,0.292655396928225,0.2458950353926097,3.0
2026-09-30,AI,0.7021215,-0.0157116525960041,0.1601306388329519,0.1716171000831341,-0.0111421387310058,0.2061154825084461,0.2648455489347048,0.3396226256657875,-0.2099406542885208,-0.3858131761930334,0.1532729642373816,-0.0111421387310058,0.2648455489347048,0.1453841454171922,2.0,0.0,-0.2759876876657107,-0.0587300664262586,0.0795724548958489,0.1716171000831341,0.0920446451872851,-0.0932284488515706,-0.0131579307819436,-0.0115092220943912,-0.0009849803832088,0.0187162849195718,1.0,1.0,1.0,3.0,0.0746863174098972,0.0744988459085631,0.0692577755568528,0.0989523209687563,4.0,-0.0465533083448466,-0.0936170537421045,-0.4582909612823748,0.0465533083448466,0.0936170537421045,0.4582909612823748,1.0,0.0,0.0,0.0,0.4552787138238224,0.5448749722152452,0.3769495363438937,0.4860666436154114,-0.3354354680874198,-0.0957815538084368,-0.3374730941356829,0.0397842602597591,0.0120528990421087,0.292655396928225,0.2458950353926097,3.0
2026-09-30,BILL,0.70110685,-0.1011578222332461,-0.0194992476686858,0.2237278812700789,0.1952998231451961,0.1644736842105263,0.1553525034324805,-0.0058413464690566,-0.188668880505974,-0.1646215031102349,0.1717086702627343,0.1553525034324805,0.1952998231451961,0.0209333670354105,3.0,1.0,0.0399473197127155,0.0091211807780458,-0.0558746588061989,0.2237278812700789,0.2796025400762778,0.0683753778375984,-0.0325331337705175,-0.0634127738698066,-0.0769904634835713,-0.0794355204565135,0.0,0.0,0.0,0.0,-0.0439381199331566,-0.0271995369989426,-0.0040613709596342,0.025005861673486,1.0,-0.1375950338010717,-0.1375950338010717,-0.2141715695111192,0.1375950338010717,0.1375950338010717,0.2141715695111192,0.0,0.0,0.0,0.0,0.4604508227930537,0.5093780454858967,0.4858887642180015,0.3049846863429095,-0.1034080442124654,-0.2044352421947365,-0.1726853775544895,0.0397842602597591,0.0120528990421087,0.292655396928225,0.2458950353926097,3.0
2026-09-30,CRWD,0.69151646,0.0914718826095779,0.3210206647622626,0.3215399535770038,0.3796443495639534,1.2625238800476724,1.5832330372458905,1.7112210058198998,1.15146343229129,1.0566091795938108,1.075133755619172,0.3796443495639534,1.5832330372458905,0.6232918468333902,3.0,1.0,-1.2035886876819368,-0.3207091571982179,0.9547142939219276,0.3215399535770038,-0.6331743403449239,-1.2616930836688864,-0.0102457310731717,0.0181805104975283,0.0948702379754318,0.1414537165770624,1.0,1.0,1.0,3.0,0.3442318811639633,0.2268165052767312,0.1209231069638594,0.1041121774455338,4.0,-0.0394681158786747,-0.0394681158786747,-0.0394681158786747,0.0394681158786747,0.0394681158786747,0.0394681158786747,1.0,1.0,0.0,0.0,0.7361565098143582,0.6424129577804346,0.4367820555687116,2.464509811128392,-0.5718854321541784,-0.4827481019522777,-0.3134211520811963,0.0397842602597591,0.0120528990421087,0.292655396928225,0.2458950353926097,3.0
2026-09-30,ADBE,0.6812758,-0.1957717328165735,-0.0596621629444386,0.1485220774250679,-0.0915859381079807,-0.0431938424184403,-0.0313065680147586,-0.1026637783066204,-0.3272093265781178,-0.332473419643648,-0.0553621161803932,-0.0915859381079807,-0.0313065680147586,0.031928839306625,0.0,0.0,-0.0602793700932221,-0.0118872744036817,-0.1565739561950728,0.1485220774250679,0.3050960336201408,0.1798286454398265,-0.0212077835275025,-0.0498767305022626,-0.0932877410006758,-0.1067068082882377,0.0,0.0,0.0,0.0,-0.1227555776517439,-0.080520442610297,-0.0167983074839951,0.0373599928131387,1.0,-0.1957717328165735,-0.1957717328165735,-0.3465882165241547,0.1957717328165735,0.1957717328165735,0.3465882165241547,0.0,0.0,1.0,0.0,0.4795109074907679,0.4741281226944691,0.309736598490051,-0.0660297639314104,-0.4022774406636454,-0.5035170268761464,-0.3286675581244878,0.0397842602597591,0.0120528990421087,0.292655396928225,0.2458950353926097,3.0
2026-09-30,LRCX,0.6511909,0.046618007972649,0.0768713724353566,-0.2718139767174794,-0.0075834041380985,0.2245682599402203,0.4778952814683541,0.3516843936072433,0.8468598441680866,1.3649435301326034,0.2316267124234919,-0.0075834041380985,0.4778952814683541,0.2428162985842099,2.0,0.0,-0.4854786856064527,-0.2533270215281338,1.0295573304281378,-0.2718139767174794,-1.3013713071456172,-0.7497092581858336,0.0219231422609917,0.0825283692300919,0.0643044279260953,0.0377821608966637,1.0,0.0,0.0,1.0,-0.0117538996497966,-0.0920880869959449,-0.0561106867468215,-0.0194832949524688,0.0,-0.2718139767174794,-0.2718139767174794,-0.2718139767174794,0.2718139767174794,0.2718139767174794,0.2718139767174794,0.0,0.0,1.0,1.0,0.7680447470918899,0.7292524685113501,-0.3539038288415756,0.6553221306797896,0.1710675895413926,-0.5180306897797466,-0.116978798203164,0.0397842602597591,0.0120528990421087,0.292655396928225,0.2458950353926097,3.0
2026-09-30,ANET,0.6394492,0.0554959398787031,0.1452730582842574,0.2158582359015188,0.2952279517819589,0.1959353541914579,0.6822772854318206,0.5471910340955641,0.5763565975427096,0.4175416480308247,0.3911468638017458,0.1959353541914579,0.6822772854318206,0.25696779327952,3.0,1.0,-0.3870493336498617,-0.4863419312403627,0.3836130198061023,0.2158582359015188,-0.1677547839045834,-0.4664190495303018,0.0062553110756584,0.0309767418699844,0.0507279714923363,0.0562264104008665,1.0,1.0,1.0,3.0,0.0761109026987965,0.0339748465009641,0.0231643035057824,0.0575171734197117,4.0,-0.0187648311080389,-0.0187648311080389,-0.0187648311080389,0.0187648311080389,0.0187648311080389,0.0187648311080389,1.0,1.0,0.0,0.0,0.544125283448373,0.5694358524969959,0.3967068659877844,1.1981635551046024,-0.1283828185674174,-0.57429632943648,-0.2652341782776565,0.0397842602597591,0.0120528990421087,0.292655396928225,0.2458950353926097,3.0
2026-09-30,KLAC,0.63642484,0.0710743883591047,0.02905805720617,-0.376446226133946,-0.0210157456724023,0.0761991681418079,0.2793481804112563,0.2355942523588912,0.5523033990402977,0.7516571762612567,0.1115105342935539,-0.0210157456724023,0.2793481804112563,0.1532637969571562,2.0,0.0,-0.3003639260836587,-0.2031490122694483,1.0517046548836606,-0.376446226133946,-1.428150881017607,-0.6557944065452024,0.0047263445247489,0.0524075507497099,0.0533602678146045,0.0322098579334961,1.0,1.0,0.0,2.0,0.0180602838354992,-0.0695212516777614,-0.0717488742419935,-0.0753941908454305,1.0,-0.376446226133946,-0.376446226133946,-0.376446226133946,0.376446226133946,0.376446226133946,0.376446226133946,0.0,0.0,1.0,1.0,0.6978854356527855,0.6928847294221865,-0.5394097754480679,0.4031668884436399,-0.0608196980059977,-0.6413535382961731,-0.2418777162757117,0.0397842602597591,0.0120528990421087,0.292655396928225,0.2458950353926097,3.0
2026-09-30,ZS,0.61639696,0.0247631641635479,0.2767857602394097,0.3676940233758388,0.3815931364385638,0.477272833422308,0.3760782114945054,0.313354621656476,-0.1416948042710227,-0.355769870211184,0.4116480604517924,0.3760782114945054,0.477272833422308,0.0568995757440987,3.0,1.0,0.0055149249440584,0.1011946219278026,0.0061301636004609,0.3676940233758388,0.3615638597753778,-0.0083841881186665,-0.0713838875437005,-0.040235037984366,0.0326829252545246,0.0461657057040647,1.0,1.0,1.0,3.0,0.192734257525873,0.118701007106986,0.086623426745517,0.1268736032427477,4.0,-0.1005870126690461,-0.1005870126690461,-0.4259077248671487,0.1005870126690461,0.1005870126690461,0.4259077248671487,0.0,0.0,0.0,0.0,0.6418565557270633,0.7904637483561467,0.5728601197495493,0.4757690814747671,1.6066996070497606,1.5748433957188426,0.6864679822795006,0.0397842602597591,0.0120528990421087,0.292655396928225,0.2458950353926097,3.0
2026-09-30,SNOW,0.6047576,0.0136077297326464,0.1454582782312832,0.3200000095929518,0.3145763976898355,1.46163991673243,1.227423326662714,0.994774628206896,0.5314551491004749,0.4894258385991545,1.0012132136949932,0.3145763976898355,1.46163991673243,0.6060667789825201,3.0,1.0,-0.9128469289728788,0.2342165900697157,0.6874419018751252,0.3200000095929518,-0.3674418922821734,-0.9074233170697624,-0.0006128282190263,0.0064411755423303,0.011515579865686,0.0190262421432825,1.0,1.0,1.0,3.0,0.0444247105377619,0.0251567217421917,0.0317189840576381,0.0808468820220849,4.0,-0.0575925006564185,-0.0575925006564185,-0.0575925006564185,0.0575925006564185,0.0575925006564185,0.0575925006564185,0.0,0.0,0.0,0.0,0.4778976910671022,0.7723990504995795,0.6695994050074208,1.589105172862175,-0.3110114303930051,-0.3546811686926849,-0.3866750445921841,0.0397842602597591,0.0120528990421087,0.292655396928225,0.2458950353926097,3.0
2026-09-30,MDB,0.6023958,-0.0946908554561151,0.2161905567142876,0.2219113125911316,0.2231858661089982,0.6363273908432061,0.6768394626677094,0.2495509511251425,-0.0220400770716271,0.3223790063292659,0.512117573206638,0.2231858661089982,0.6768394626677094,0.2510407447320965,3.0,1.0,-0.4536535965587112,-0.0405120718245033,0.3723086490719831,0.2219113125911316,-0.1503973364808515,-0.4549281500765778,-0.0205184065850232,0.0239318301407136,0.0362396145264802,0.0091628945035853,1.0,1.0,0.0,2.0,0.0146591583519917,-0.0702603995521463,-0.0281982163271143,0.0829055430619358,2.0,-0.1309576848641562,-0.1309576848641562,-0.1309576848641562,0.1309576848641562,0.1309576848641562,0.1309576848641562,0.0,0.0,0.0,0.0,0.6621870367419341,0.6987721167783877,0.3351187810667069,0.9686125797179824,-0.2123752495009979,0.1112809784357902,-0.0166373949779276,0.0397842602597591,0.0120528990421087,0.292655396928225,0.2458950353926097,3.0
2026-09-30,META,0.58109415,0.3143466728937492,0.3512478242130958,0.3354634981860651,0.1904165221563758,0.2304921160339001,0.3160477351677702,0.1626323387691228,0.1416549049818094,0.027001835564417,0.245652124452682,0.1904165221563758,0.3160477351677702,0.0641729679235871,3.0,1.0,-0.1256312130113943,-0.08555561913387,-0.0145385950605666,0.3354634981860651,0.3500020932466318,0.0194157630182949,0.0018927049059496,0.0578174530044304,0.1380402699111109,0.1978102142498534,1.0,1.0,1.0,3.0,0.3403215664254262,0.2598916957409909,0.1533884937693916,0.0666422783893567,4.0,-0.0333466901778527,-0.0333466901778527,-0.0333466901778527,0.0333466901778527,0.0333466901778527,0.0333466901778527,1.0,1.0,0.0,0.0,0.5071205163242741,0.4622110450938949,0.6615064612600996,0.683773653880485,0.9241994052511244,0.4219511791111527,0.2186317004845548,0.0397842602597591,0.0120528990421087,0.292655396928225,0.2458950353926097,3.0
2026-09-30,PANW,0.57338834,-0.0193390065004285,0.1293132188123222,0.0988798378600359,0.3303276189659017,1.0897834872202967,1.337449932100676,1.5163846014102391,1.0344190903524937,0.8403889559996522,0.9191870127622916,0.3303276189659017,1.337449932100676,0.5247868197912465,3.0,1.0,-1.0071223131347744,-0.2476664448803793,1.1271205927780397,0.0988798378600359,-1.0282407549180037,-1.23857009424064,-0.0160637598452878,-0.0053641653691305,0.0383025132001275,0.0378079297224855,1.0,1.0,0.0,2.0,0.0959690324402735,0.0386329822393296,-0.0030371572235026,0.0239796780257834,3.0,-0.0536868933475378,-0.0536868933475378,-0.0536868933475378,0.0536868933475378,0.0536868933475378,0.0536868933475378,0.0,0.0,0.0,0.0,0.6314758453526755,0.5760947950414117,0.1565853050243151,2.3215796143489467,-0.4453677390019325,-0.4935645928047996,-0.2174157123151445,0.0397842602597591,0.0120528990421087,0.292655396928225,0.2458950353926097,3.0
2026-09-30,QCOM,0.55946267,0.1911616338191371,0.375714604646058,0.098918931529452,-0.1880357913597129,0.1349774806157513,0.5826933683201403,0.4409093848321339,0.1992274240192018,0.2393363917156266,0.1765450191920595,-0.1880357913597129,0.5826933683201403,0.3870423162816603,2.0,0.0,-0.7707291596798532,-0.4477158877043889,0.4402275936018147,0.098918931529452,-0.3413086620723626,-0.4837744367906882,0.0242198087702945,0.0601042466204873,0.1160269818327301,0.1585649507385387,1.0,1.0,1.0,3.0,0.2325452999982185,0.1830573021763706,0.1349948918685335,0.0742549680993613,4.0,0.0,-0.1880357913597129,-0.1880357913597129,-0.0,0.1880357913597129,0.1880357913597129,1.0,0.0,0.0,0.0,0.4547999569531474,0.6746743264755561,0.2174998700354813,0.8636661355769725,0.3981986085153832,-0.1927176608738625,0.2043953615790292,0.0397842602597591,0.0120528990421087,0.292655396928225,0.2458950353926097,3.0
2026-09-30,SMR,0.5470827,-0.091693672006008,0.0,-0.160518414709899,-0.335438040600482,-0.3242375561383905,-0.223247236368,-0.344747095226864,-0.405786871491949,-0.7661111089918349,-0.2943076110356242,-0.335438040600482,-0.223247236368,0.0617943795904913,0.0,0.0,-0.1121908042324819,-0.1009903197703905,-0.074723284890667,-0.160518414709899,-0.0857951298192319,0.062728821658101,-0.0265896080195783,-0.0186480337531342,-0.0817383795002387,-0.0855777620552092,1.0,0.0,0.0,1.0,-0.0718883991496173,-0.0770223624929579,-0.0130240519472206,0.0316316247602428,1.0,-0.2468694233938519,-0.3964157568875625,-0.8424106302039774,0.2468694233938519,0.3964157568875625,0.8424106302039774,0.0,0.0,1.0,1.0,0.8898968462592076,0.982254483237565,-0.1803786757809719,-0.2272804453202034,0.2588045693700527,0.2505276045256268,-0.0389463272127522,0.0397842602597591,0.0120528990421087,0.292655396928225,0.2458950353926097,3.0
2026-09-30,ASML,0.5403357,0.0282604061088345,0.0705585889541129,-0.1222678764806215,0.082737303296446,0.2134868147232052,0.3249317356275245,0.2064370417441641,0.6378944718254433,0.8132886017546423,0.2070519512157252,0.082737303296446,0.3249317356275245,0.1212253742593243,3.0,1.0,-0.2421944323310785,-0.1114449209043193,0.5094944119340674,-0.1222678764806215,-0.631762288414689,-0.447199612108146,0.005701069304058,0.0412383672972949,0.0340742985439035,0.0160765486898539,1.0,0.0,0.0,1.0,-0.0084320932731093,-0.0629468531873147,-0.0356161188738416,-0.0132307310896452,0.0,-0.1222678764806215,-0.1222678764806215,-0.1222678764806215,0.1222678764806215,0.1222678764806215,0.1222678764806215,0.0,0.0,0.0,0.0,0.4624319025368828,0.5166614092350017,-0.2644019061182087,0.6289065330206043,-0.3385034238099167,-0.7044164270441643,-0.3346610239814123,0.0397842602597591,0.0120528990421087,0.292655396928225,0.2458950353926097,3.0
2026-09-30,NOW,0.5350337,-0.0835867958431014,0.2192752946521738,0.366035422891934,0.0904558343825767,0.5357264054639288,0.2971782989814779,0.2556244091740058,-0.1146942166212127,-0.2631590641050532,0.3077868462759945,0.0904558343825767,0.5357264054639288,0.2228247659587088,3.0,1.0,-0.2067224645989012,0.2385481064824508,-0.0504065434589418,0.366035422891934,0.4164419663508758,0.068857123910456,-0.0156200243800393,-0.0221145774681792,-0.0225797263014024,0.0068399266017413,0.0,0.0,1.0,1.0,0.0778931954964652,0.1053223047379947,0.1337326149129158,0.1612454518435,4.0,-0.0835867958431014,-0.0835867958431014,-0.2834120710022533,0.0835867958431014,0.0835867958431014,0.2834120710022533,0.0,0.0,0.0,0.0,0.5703410211458376,0.6956278589557114,0.6417834406449573,0.4272087369065511,-0.6932270303724576,-0.5893492098614235,-0.5608729385740463,0.0397842602597591,0.0120528990421087,0.292655396928225,0.2458950353926097,3.0
2026-09-30,AOSL,0.5281314,0.1326034257095436,-0.1200377912229632,-0.4098880366649375,-0.3841234565616579,-0.3568961522238991,0.2603790838219479,0.3293669681536328,0.4098940463473213,-0.0010729177496122,-0.160213508321203,-0.3841234565616579,0.2603790838219479,0.3644981864833438,1.0,0.0,-0.6445025403836059,-0.6172752360458471,1.1358304222453317,-0.4098880366649375,-1.545718458910269,-0.6702671204868855,0.0156363747336647,0.0668856874209014,0.0940070616650705,0.0666955365885686,1.0,1.0,0.0,2.0,0.0470606177241665,-0.0626924463899476,-0.1697965981693137,-0.1555381233527641,1.0,-0.4098880366649375,-0.476181536664807,-0.476181536664807,0.4098880366649375,0.476181536664807,0.476181536664807,0.0,0.0,1.0,1.0,0.8746329460419364,1.063502759670197,-0.4686400604045899,0.2448316014738825,-0.5638792102206736,-0.4535201018737493,-0.3268598745144906,0.0397842602597591,0.0120528990421087,0.292655396928225,0.2458950353926097,3.0
2026-09-30,FSLY,0.5126455,0.0952171163567985,0.1015004083207538,0.3594770291238416,0.4050098475667105,-0.0116808586852865,-0.1410874210880432,0.3054392253611118,1.4518662412792205,1.9192980734106129,0.0840805225977935,-0.1410874210880432,0.4050098475667105,0.2853650965289521,1.0,0.0,0.5460972686547538,0.1294065624027567,-0.3682036838345769,0.3594770291238416,0.7276807129584185,0.5005644502118849,-0.0741153176001527,-0.0246952533201129,0.0515450470059806,0.0321441929058556,1.0,1.0,0.0,2.0,0.1531354051891991,-0.0008199074560977,-0.0600336663930464,0.0233161726840884,2.0,-0.1685543403108914,-0.2549254004635027,-0.2549254004635027,0.1685543403108914,0.2549254004635027,0.2549254004635027,0.0,0.0,1.0,1.0,0.9541050202704096,1.1468242900528811,0.3767688267922117,-0.1230244443824411,1.4184556873342342,1.5345745378261442,0.5174976319191138,0.0397842602597591,0.0120528990421087,0.292655396928225,0.2458950353926097,3.0
2026-09-30,NVDA,0.507362,0.020571836755423,0.1224002592673503,0.1261025644196891,0.0684117410796905,0.1303525919459227,0.2934890013620486,0.2731908102862839,0.20963364559252,0.2091822572677486,0.1640844447958872,0.0684117410796905,0.2934890013620486,0.1162683176818682,3.0,1.0,-0.225077260282358,-0.1631364094161258,0.1486422660165223,0.1261025644196891,-0.0225397015968331,-0.1673864369423594,-0.0053561193744097,0.0183932807557738,0.0154088986782083,0.0216729629587086,1.0,0.0,1.0,2.0,0.065787185796857,0.0170041004751579,0.0294213281471016,0.0430512081743752,4.0,-0.0218707574184851,-0.043079431050178,-0.043079431050178,0.0218707574184851,0.043079431050178,0.043079431050178,1.0,1.0,0.0,0.0,0.3882781798189429,0.3962249684409971,0.3247737600873984,0.7407130411715909,-0.2798199237065436,-0.4605347174709734,-0.2399259406165164,0.0397842602597591,0.0120528990421087,0.292655396928225,0.2458950353926097,3.0
2026-09-30,ETN,0.49551576,0.094804433265162,0.062289297829144,0.0350664772274484,0.1010048154806511,0.0214114858043983,0.2365626950721777,0.1801992934160381,0.3929248217017504,0.1887386623773808,0.119659665452409,0.0214114858043983,0.2365626950721777,0.1087819529285467,3.0,1.0,-0.1355578795915266,-0.2151512092677794,0.1946698325932276,0.0350664772274484,-0.1596033553657792,-0.2014962178447292,0.0014749898774182,0.0440292203178558,0.0627138663591739,0.0533346979438482,1.0,1.0,0.0,2.0,0.0602664117633402,-0.0172083443503038,-0.0455146287408528,-0.0085334962056039,1.0,-0.0434385182188206,-0.0434385182188206,-0.0434385182188206,0.0434385182188206,0.0434385182188206,0.0434385182188206,1.0,1.0,0.0,0.0,0.4592937311649779,0.4538673686368659,0.0763486955036463,0.5212154726669694,-0.3458146728842514,-0.4416377679697352,-0.477383660170898,0.0397842602597591,0.0120528990421087,0.292655396928225,0.2458950353926097,3.0
2026-09-30,GEV,0.48885494,0.0657740683771967,-0.0329802117250443,-0.1848986119003335,-0.0105344358051374,-0.115685516602036,0.0976277940352405,0.0974115252827021,0.4679447140439006,0.5609115555313693,-0.0095307194573109,-0.115685516602036,0.0976277940352405,0.1066601973963999,1.0,0.0,-0.108162229840378,-0.2133133106372766,0.3466150469872935,-0.1848986119003335,-0.531513658887627,-0.2825264059355741,0.0057047030628918,0.0287240948367377,0.0282082722087293,0.0094479943402285,1.0,0.0,0.0,1.0,0.0034163906611237,-0.0623995335960098,-0.0675795059562041,-0.0544991672671052,1.0,-0.1848986119003335,-0.1848986119003335,-0.1848986119003335,0.1848986119003335,0.1848986119003335,0.1848986119003335,0.0,0.0,1.0,0.0,0.52695491447533,0.5384426248468924,-0.3508812743200818,0.1813151290966262,-0.6212363106741731,-0.5632388088624766,-0.4427488255817148,0.0397842602597591,0.0120528990421087,0.292655396928225,0.2458950353926097,3.0
2026-09-30,VRT,0.46851295,-0.0207865842644212,0.0487315490636262,-0.2433484098789162,-0.1973811125924496,-0.2286072149457346,0.0112331293946092,-0.0056294491140858,0.5644411126249653,0.6806950738165087,-0.1382517327145249,-0.2286072149457346,0.0112331293946092,0.1303957835471861,1.0,0.0,-0.2086142419870589,-0.2398403443403439,0.3364580773996468,-0.2433484098789162,-0.5798064872785631,-0.2545815392735255,0.0117601830089177,0.0321234451864116,-0.0048061736108001,-0.0232922354801953,1.0,0.0,0.0,1.0,-0.0377548044838763,-0.0935817245972837,-0.0529237256302703,-0.0546574448951906,0.0,-0.2433484098789162,-0.3264896326857733,-0.3264896326857733,0.2433484098789162,0.3264896326857733,0.3264896326857733,0.0,0.0,1.0,1.0,0.6962638560754768,0.6728833054490101,-0.3495060209653288,0.0166940230254538,0.0108999167197374,-0.4669551178559896,-0.3503801293856542,0.0397842602597591,0.0120528990421087,0.292655396928225,0.2458950353926097,3.0
2026-09-30,PWR,0.44465533,0.069248342367107,-0.0273165620787805,-0.0983428784927055,-0.0878153506719112,-0.1079198205798676,0.182755924040959,0.1532228140497114,0.5389424792113868,0.5676915979991688,-0.0043264157369399,-0.1079198205798676,0.182755924040959,0.1623295993346559,1.0,0.0,-0.2705712747128703,-0.2906757446208267,0.3117579796450269,-0.0983428784927055,-0.4101008581377324,-0.2810988025336646,0.0102341607656091,0.0269955564357076,0.0359195840474508,0.0209111184115018,1.0,1.0,0.0,2.0,0.0234685043645357,-0.0413829985832334,-0.0594241181685603,-0.0242003215290215,1.0,-0.101313830520316,-0.1732092438651751,-0.1732092438651751,0.101313830520316,0.1732092438651751,0.1732092438651751,0.0,0.0,0.0,0.0,0.5124036946216185,0.5065731159695209,-0.1919246085165842,0.3607690938971088,-0.5292083843549665,-0.3561859732072497,-0.5099470158952314,0.0397842602597591,0.0120528990421087,0.292655396928225,0.2458950353926097,3.0
2026-09-30,CSCO,0.43465236,-0.0343017557136733,-0.0800931208433889,-0.0882074112728125,-0.1106198438345793,0.1704825503687106,0.3878011984678142,0.3551408968898211,0.4053705494632709,0.5917768900795686,0.1492213016673151,-0.1106198438345793,0.3878011984678142,0.2498898044633034,2.0,0.0,-0.4984210423023936,-0.2173186480991036,0.5220579939184509,-0.0882074112728125,-0.6102654051912634,-0.4760086097406267,-0.0083643406297192,-0.0171515131616155,-0.0216484569648971,-0.0283629650295322,0.0,0.0,0.0,0.0,-0.0294589897301493,-0.0259479365532069,-0.0567207861369204,-0.0419324003646953,0.0,-0.1386826015989578,-0.1761603274863225,-0.1761603274863225,0.1386826015989578,0.1761603274863225,0.1761603274863225,0.0,0.0,0.0,0.0,0.3464076150112901,0.3940498142359803,-0.2546347350647521,0.9841425740035395,-0.0428073811785704,-0.385501532395928,0.0041238704655039,0.0397842602597591,0.0120528990421087,0.292655396928225,0.2458950353926097,3.0
2026-09-30,SOUN,0.38967368,-0.1550278883146123,-0.0130505582728445,-0.0649149324693171,-0.3277777565850152,-0.2399497284244665,-0.119359491773483,-0.2965116369330989,-0.393179535737581,-0.6237562052587073,-0.2290289922609882,-0.3277777565850152,-0.119359491773483,0.1046374222519205,0.0,0.0,-0.2084182648115321,-0.1205902366509834,-0.0582241778792809,-0.0649149324693171,-0.0066907545900362,0.0544445593041659,-0.0065681225139186,-0.0070572447431715,-0.0539483680650919,-0.0883519713815504,0.0,0.0,0.0,0.0,-0.1386138625881312,-0.14723582937732,-0.087276100828413,-0.0181244260930892,0.0,-0.2456359294994518,-0.3717549201622098,-0.7172897056738187,0.2456359294994518,0.3717549201622098,0.7172897056738187,0.0,0.0,1.0,1.0,0.6026951697386836,0.7087625437423273,-0.1077077363959344,-0.1684054734936395,-0.4656066756878665,-0.3817512915514272,-0.4884359244135922,0.0397842602597591,0.0120528990421087,0.292655396928225,0.2458950353926097,3.0
2026-09-30,CEG,0.37709436,-0.0418531879747164,0.0035193077430701,0.0616205456088296,-0.0836674626003237,-0.1562800129411401,-0.0543084455297522,-0.1983805054808449,-0.2514556856034936,-0.195485172418263,-0.0980853070237387,-0.1562800129411401,-0.0543084455297522,0.0524924358212414,0.0,0.0,-0.0293590170705715,-0.1019715674113879,-0.1092000259585195,0.0616205456088296,0.1708205715673492,0.1159289911385819,0.001529268910873,0.006445313619934,-0.0401056196026666,-0.0421686313237782,1.0,0.0,0.0,1.0,-0.0456225789080607,-0.0509326904046493,0.0077996964828077,0.0216087990551219,2.0,-0.1196455450252926,-0.1818440554926774,-0.3446176726049302,0.1196455450252926,0.1818440554926774,0.3446176726049302,0.0,0.0,0.0,0.0,0.3773625144575046,0.4290062003091577,0.1632927046222787,-0.1265912835073608,-0.250689561400101,-0.622418417085919,-0.089573139072014,0.0397842602597591,0.0120528990421087,0.292655396928225,0.2458950353926097,3.0
2026-09-30,MSFT,0.37580365,0.0175047294755619,0.1128027205406132,0.3863645305402752,0.148591144093714,0.2709346805925128,0.4000641018530764,0.3196052354610876,0.0740760544182781,0.0047627126658669,0.2731966421797677,0.148591144093714,0.4000641018530764,0.1257517374580851,3.0,1.0,-0.2514729577593624,-0.1291294212605636,0.0098816516226525,0.3863645305402752,0.3764828789176226,-0.0136995713128011,0.026468583067355,0.0326167189498645,0.0322563533077102,0.0404071727997463,1.0,0.0,1.0,2.0,0.0305437334444407,0.0256253413001654,0.0256738761149344,0.0892090236093214,4.0,0.0,0.0,-0.0399451775372757,-0.0,-0.0,0.0399451775372757,1.0,1.0,0.0,0.0,0.3984268210669084,0.377999231275013,0.9697252045072348,1.0583727921975854,0.4022691104748814,-0.1511045550519849,-0.0930717357147781,0.0397842602597591,0.0120528990421087,0.292655396928225,0.2458950353926097,3.0
2026-09-30,GOOGL,0.37012553,0.0141183790261896,-0.0336644837685466,-0.0370174500447672,-0.09463468283693,-0.1051282470708708,0.1974775084549167,0.1053022395825469,0.1009233454651172,0.4184057167324628,-0.0007618071509613,-0.1051282470708708,0.1974775084549167,0.1717604390175403,1.0,0.0,-0.2921121912918467,-0.3026057555257876,0.2435090423087991,-0.0370174500447672,-0.2805264923535663,-0.2344949584996839,-0.0061493915039276,-0.0072596220883751,0.005263172284355,0.003447116003389,0.0,1.0,0.0,1.0,0.0051332857895476,0.0054781016940312,-0.0230015316834446,-0.0092523447956442,2.0,-0.0887300974554144,-0.1447354031625656,-0.1447354031625656,0.0887300974554144,0.1447354031625656,0.1447354031625656,0.0,0.0,0.0,0.0,0.354059274670742,0.3581193125321094,-0.1045515615406251,0.5514293743574935,-0.3474962380872763,-0.3797832971972801,-0.356244654935918,0.0397842602597591,0.0120528990421087,0.292655396928225,0.2458950353926097,3.0
2026-09-30,TSLA,0.3470725,0.0113058105898105,0.1956877849960516,-0.115287731926516,-0.1461254777409499,-0.0249456788235854,0.0009683533330531,-0.0755261327085106,-0.1725740808913967,-0.1632713070467594,-0.0567009344104941,-0.1461254777409499,0.0009683533330531,0.0785203539093479,1.0,0.0,-0.1470938310740031,-0.0259140321566385,0.1314055308769754,-0.115287731926516,-0.2466932628034915,-0.1162560852595692,-0.0126408498804843,0.0088464631294884,0.0175711257456301,0.0344942297363271,1.0,1.0,1.0,3.0,0.074933944530954,0.0652528567246615,0.0927567807531442,0.0647341495810442,4.0,-0.1250646695698909,-0.1643048161053203,-0.2404058511418986,0.1250646695698909,0.1643048161053203,0.2404058511418986,0.0,0.0,0.0,0.0,0.55106366987145,0.5004225658029815,-0.2092094584159576,0.0019350712762109,-0.2560539620263622,0.0585424657029061,-0.0451311401332331,0.0397842602597591,0.0120528990421087,0.292655396928225,0.2458950353926097,3.0
2026-09-30,CRM,0.34655908,-0.0897269786627891,0.2739469322201504,0.4964363280562802,0.2299149975075685,0.3314267190889364,0.2622521726634763,0.2096339699670859,-0.1105485418531926,-0.0041986442790916,0.2745312964199937,0.2299149975075685,0.3314267190889364,0.0518578833425949,3.0,1.0,-0.0323371751559078,0.06917454642546,-0.1564945671273467,0.4964363280562802,0.652930895183627,0.2341841553928039,-0.0079862849939257,-0.0347960798261162,-0.0556762771557911,-0.0012141651930011,0.0,0.0,1.0,1.0,0.1416709031991971,0.1989786110540994,0.2639525149315205,0.2479222100062899,4.0,-0.1134450915502118,-0.1134450915502118,-0.11495842477536,0.1134450915502118,0.1134450915502118,0.11495842477536,0.0,0.0,0.0,0.0,0.6065394577929315,0.5571821779998353,0.8184732611835457,0.4706758094900046,-0.6112631555525888,-0.3619298053394689,-0.3592307786349132,0.0397842602597591,0.0120528990421087,0.292655396928225,0.2458950353926097,3.0
2026-09-30,TSM,0.3446094,0.0878812424324717,0.1176718108809591,-0.0539212649078354,0.0822724456125696,0.1434553822349809,0.3400708425901027,0.2124328497836223,0.4944651829288164,0.6304883098698864,0.188599556812551,0.0822724456125696,0.3400708425901027,0.1346978126948022,3.0,1.0,-0.257798396977533,-0.1966154603551217,0.4164474825232769,-0.0539212649078354,-0.4703687474311123,-0.3939921074979381,0.0033756521053449,0.0340653937642996,0.0491269423032008,0.058658870977664,1.0,1.0,1.0,3.0,0.0823605538977141,0.0419377158781837,0.0319898422140079,0.0335817525752333,4.0,-0.0539212649078354,-0.0539212649078354,-0.0539212649078354,0.0539212649078354,0.0539212649078354,0.0539212649078354,0.0,0.0,0.0,0.0,0.4006421265059943,0.4320643033238576,-0.1345871073970267,0.7870838668548823,0.1487700059276822,-0.4857538990201867,-0.1209668884185061,0.0397842602597591,0.0120528990421087,0.292655396928225,0.2458950353926097,3.0
2026-09-30,PLTR,0.34248278,0.0176520721104251,0.5412806917913018,0.6256964184939087,0.2116392379182972,0.3634533630706593,0.2966229132604385,0.3825351322517341,0.0670604678984265,0.0397434495821316,0.2905718380831317,0.2116392379182972,0.3634533630706593,0.0760877373960176,3.0,1.0,-0.0849836753421413,0.0668304498102208,-0.2024200222685691,0.6256964184939087,0.8281164407624778,0.3290735052334701,0.006602062655054,0.0443118104357356,0.0631577406025438,0.0680980248682527,1.0,1.0,1.0,3.0,0.0705779244221962,0.0364481955379238,0.083344724551903,0.1639835673429961,4.0,-0.0151617333426931,-0.0151617333426931,-0.0845158563850205,0.0151617333426931,0.0151617333426931,0.0845158563850205,1.0,1.0,0.0,0.0,0.7676936596139204,0.6839514178191746,0.8150339795805747,0.4336900334328435,-0.3146076511495227,-0.5329645361008886,-0.2673742071416994,0.0397842602597591,0.0120528990421087,0.292655396928225,0.2458950353926097,3.0
2026-09-30,AVGO,0.33538216,-0.0456000923947452,-0.0920354069873879,-0.0643217782881352,-0.2076194625134459,-0.1519252365901211,0.143781511582431,0.1101688836188679,0.0250055768126589,0.0773642551910613,-0.0719210625070453,-0.2076194625134459,0.143781511582431,0.1888681075563556,1.0,0.0,-0.351400974095877,-0.2957067481725521,0.222409034475369,-0.0643217782881352,-0.2867308127635043,-0.2081032898705662,-0.0119359668265431,0.0049767781935208,-0.013238899956745,-0.0242320734681242,1.0,0.0,0.0,1.0,-0.0082940793965822,-0.0619501091317487,-0.0883245457099968,-0.0690989840471899,0.0,-0.1737131810326972,-0.2648798074385717,-0.2648798074385717,0.1737131810326972,0.2648798074385717,0.2648798074385717,0.0,0.0,1.0,1.0,0.3951550220898042,0.4786508535269507,-0.1627760617794128,0.3003891260675153,-0.2609394933479132,-0.4311928857469475,-0.1690098514512491,0.0397842602597591,0.0120528990421087,0.292655396928225,0.2458950353926097,3.0
2026-09-30,AAPL,0.28975275,0.0764399581952048,0.1050601855454429,0.1797213259868657,0.0939055010629092,0.2591805680145855,0.3463047571872422,0.2933556094856415,0.2579945399243553,0.3444208555783385,0.233130275421579,0.0939055010629092,0.3463047571872422,0.1282002707920895,3.0,1.0,-0.2523992561243329,-0.0871241891726566,0.1412057470954213,0.1797213259868657,0.0385155788914444,-0.1665834312003764,0.0074494699212812,0.0142742620099651,0.0354406447832931,0.0553757677129322,1.0,1.0,1.0,3.0,0.0890410236757341,0.0854492389903136,0.0619868550392737,0.0186608791681741,4.0,0.0,0.0,0.0,-0.0,-0.0,-0.0,1.0,1.0,0.0,0.0,0.2822176274911582,0.2753882396560483,0.636818215731391,1.2575146913309243,-0.2738084557994505,-0.5399384333688684,-0.5588694920854529,0.0397842602597591,0.0120528990421087,0.292655396928225,0.2458950353926097,3.0
2026-09-30,ORCL,0.2891141,-0.0806061521409374,0.0556711423589733,-0.0612284771796145,-0.390659159973684,-0.1475495783470993,-0.0615357748133565,-0.0504987504818845,-0.2898136914016341,-0.5069597527079668,-0.19991483771138,-0.390659159973684,-0.0615357748133565,0.1706960484488864,0.0,0.0,-0.3291233851603274,-0.0860138035337427,-0.0003273401741232,-0.0612284771796145,-0.0609011370054912,0.000307297633742,-0.0465393920874256,-0.0515129653259834,-0.0776030733718057,-0.072190020956663,0.0,0.0,1.0,1.0,-0.0078109956946385,-0.0130751490758733,0.0270771754991923,0.0781110162815592,2.0,-0.1564115032038104,-0.4455894738225576,-0.5577558473775397,0.1564115032038104,0.4455894738225576,0.5577558473775397,0.0,0.0,1.0,1.0,0.5423604992677211,0.6125072949420761,-0.1128925820783102,-0.1004653745702342,0.460980588005385,-0.3445190094330432,-0.0466730538275735,0.0397842602597591,0.0120528990421087,0.292655396928225,0.2458950353926097,3.0
2026-09-30,AMZN,0.28276417,-0.0388805145778213,-0.080676005179381,0.0475371402414235,-0.07748305994859,-0.0580623237433113,0.1987803958669176,0.1889047531854539,0.0816653246971312,0.1370860766073605,0.021078337391672,-0.07748305994859,0.1987803958669176,0.1542005429252551,1.0,0.0,-0.2762634558155077,-0.256842719610229,0.1443798504276778,0.0475371402414235,-0.0968427101862543,-0.1512432556254941,-0.0106201896191886,-0.0071065990340559,-0.018230012627955,-0.026473339989349,1.0,0.0,0.0,1.0,-0.0310255952287066,-0.0389676312688396,-0.0443360475698243,-0.002913327926164,0.0,-0.1209421596135371,-0.1209421596135371,-0.1209421596135371,0.1209421596135371,0.1209421596135371,0.1209421596135371,0.0,0.0,0.0,0.0,0.4150691837313063,0.3720756040131618,0.1145282331347357,0.5342473242612433,-0.257610209722843,-0.483358322650589,-0.5097026420934225,0.0397842602597591,0.0120528990421087,0.292655396928225,0.2458950353926097,3.0
2026-09-30,NEE,0.2309186,-0.0760261693618179,-0.1181302726582532,-0.126670680682149,-0.1125899560991809,-0.2111406209469627,-0.168674017802389,-0.1765644227099403,-0.0316387068806962,0.0367793082432099,-0.1641348649495109,-0.2111406209469627,-0.1125899560991809,0.0494318856301405,0.0,0.0,0.056084061703208,-0.0424666031445737,-0.0480956452407304,-0.126670680682149,-0.0785750354414186,0.0420033371202399,-0.018601149205967,-0.039915174819792,-0.0615285666303195,-0.0737958322178727,0.0,0.0,0.0,0.0,-0.0728721623636686,-0.0626706977137064,-0.045682817227777,-0.0455902522302719,0.0,-0.1463178939953843,-0.2111406209469627,-0.2111406209469627,0.1463178939953843,0.2111406209469627,0.2111406209469627,0.0,0.0,0.0,1.0,0.1514482530181135,0.2165726543994313,-0.8363957864010422,-0.7788334047533931,0.1712657255080549,0.0455957364365706,0.1300554026129163,0.0397842602597591,0.0120528990421087,0.292655396928225,0.2458950353926097,3.0
2026-09-30,SO,0.14929546,-0.0581818493929776,-0.1160951643539041,-0.1269003731023595,-0.0921851141465814,-0.1286840195475772,-0.127059074811337,-0.1347683708201433,-0.0261688643780706,-0.096584580231162,-0.1159760695018319,-0.1286840195475772,-0.0921851141465814,0.0206195848378573,0.0,0.0,0.0348739606647555,-0.0016249447362401,-0.0001817681557618,-0.1269003731023595,-0.1267186049465977,0.0001587017089774,-0.0129808556075705,-0.0264416312377029,-0.0435580592092158,-0.0585135067956392,0.0,0.0,0.0,0.0,-0.0674144953241149,-0.0653368258570726,-0.0543760013529158,-0.0512321361242205,0.0,-0.1471284247946576,-0.1471284247946576,-0.149871313649424,0.1471284247946576,0.1471284247946576,0.149871313649424,0.0,0.0,0.0,0.0,0.159718764490471,0.1731511061643074,-0.7945238839480916,-0.733804580438357,-0.2572683633728828,-0.28794500723589,-0.1382056386873034,0.0397842602597591,0.0120528990421087,0.292655396928225,0.2458950353926097,3.0
